{"cameraMode":{"drawMode":0,"name":"Shaded","section":"Shading Mode"},"sceneLighting":true,"audioPlay":false,"sceneViewState":{"showFog":true,"showMaterialUpdate":false,"showSkybox":true,"showFlares":true,"showImageEffects":true,"showParticleSystems":true},"in2DMode":false,"pivot":{"x":259.79998779296877,"y":708.2999877929688,"z":0.0},"rotation":{"x":0.20486858487129212,"y":-0.37180978059768679,"z":0.08464430272579193,"w":0.9015676379203796},"size":423.03204345703127,"orthographic":false}